Host,Node,V-one_S/N,,,,,,,,,,,,,,,,,,,,,,,,,,,,,
,,1,2,3,4,5,6,7,8,9,10,11,12,13,14,15,16,,,,,,,,,,,,,,
201,11,210300202,210300201,210300203,210300206,210300304,210300207,210300213,210300204,210300268,210300262,210300261,,,,,,1,2,3,4,5,6,7,8,9,9_10,9_11,,,
202,5,210300208,210300211,210300209,210300212,210300210,,,,,,,,,,,,1,2,3,4,5,,,,,,,,,
203,6,210300305,210300309,210300306,210300310,210300307,210300312,,,,,,,,,,,1,2,3,3_4,5,5_6,,,,,,,,
204,8,210300324,210300205,210300328,210300325,210300323,210300322,210300327,210300326,,,,,,,,,1,2,3,4,5,5_6,7,8,,,,,,
205,7,210300318,210300317,210300316,210300319,210300320,210300321,210300315,,,,,,,,,,1,2,3,4,5,6,7,,,,,,,
206,9,210300215,210300217,210300314,210300216,210300214,210300330,210300218,210300313,210300220,,,,,,,,1,1_2,3,4,5,3_6,7,8,9,,,,,
207,5,210300360,210300223,210300222,210300221,210300219,,,,,,,,,,,,1,2,3,4,5,,,,,,,,,
208,12,210300354,210300359,210300251,210300247,210300254,210300224,210300355,210300248,210300252,210300356,210300253,210300350,,,,,1,2,3,4,5,6,7,8,9,10,9_11,8_12,,
209,5,210300250,210300249,210300358,210300334,210300335,,,,,,,,,,,,1,2,3,4,5,,,,,,,,,
210,11,210300331,210300332,210300288,210300333,210300225,210300226,210300266,210300265,210300267,210300329,210300357,,,,,,1,2,3,4,5,6,7,8,9,10,11,,,
211,14,210300242,210300348,210300275,210300349,210300256,210300259,210300258,210300257,210300255,210300260,210300347,210300239,210300274,210300272,,,1,2,3,4,5,6,7,8,9,10,11,12,13,14
212,7,210300235,210300236,210300344,210300343,210300241,210300240,210300238,,,,,,,,,,1,2,3,4,5,6,7,,,,,,,
213,10,210300246,210300351,210300245,210300352,210300237,210300243,210300244,210300353,210300346,210300345,,,,,,,1,2,3,4,5,6,7,8,9,10,,,,
214,10,210300338,210300339,210300337,210300340,210300336,210300227,210300228,210300230,210300231,210300229,,,,,,,1,2,3,4,5,6,7,8,9,10,,,,
215,6,210300341,210300234,210300342,210300232,210300233,210300284,,,,,,,,,,,1,2,3,4,5,6,,,,,,,,
216,8,210300292,210300273,210300293,210300270,210300271,210300269,210300291,210300290,,,,,,,,,1,2,3,4,5,6,7,8,,,,,,
217,4,210300286,210300289,210300287,210300285,,,,,,,,,,,,,1,2,3,4,,,,,,,,,,
218,3,210300281,210300282,210300280,,,,,,,,,,,,,,1,2,3,,,,,,,,,,,
219,6,210300301,210300302,210300278,210300279,210300277,210300276,,,,,,,,,,,1,2,3,4,5,4_6,,,,,,,,
220,3,210300294,210300295,210300298,,,,,,,,,,,,,,1,2,3,,,,,,,,,,,
